"","Num. of hosts sampled","Pectinoctenus nemorosa","Frontopsylla ornata","Neopsylla teratura","Neopsylla mana","Amalaraeus penicilliger","Amphipsylla anceps","Callopsylla caspia","Megabothris rectangulatus","Frontopsylla elata","Amphipsylla dumalis","Paraneopsylla tiflovi","Amphipsylla primaris","Neopsylla pleskei","Neopsylla setosa","Amphipsylla kuznetzovi","Leptopsylla nana","Frontopsylla elatoides","Rhadinopsylla li","Tarsopsylla octodecimdentata","Amphipsylla rossica","Amphipsylla asiatica","Ctenophthalmus breviatus","Oropsylla silantiewi","Frontopsylla protera","Amphipsylla schelkovnikovi","Ctenophthalmus arvalis","Hystrichopsylla talpae","Palaeopsylla soricis","Pectinoctenus pectiniceps"
"Apodemus uralensis",734,462,293,5,55,9,2,17,8,0,0,0,4,0,0,10,0,0,2,0,2,4,6,3,0,0,2,0,0,2
"Cricetulus migratorius",97,9,2,83,4,16,85,22,12,0,27,2,2,0,0,0,12,0,0,0,0,2,0,0,2,3,0,0,0,0
"Clethrionomys centralis",429,28,26,3,14,72,0,10,38,36,0,3,2,0,0,7,2,0,2,0,6,0,0,0,0,0,0,2,2,0
"Sicista tianshanica",698,15,184,4,3,0,0,0,10,0,0,0,0,0,0,0,0,0,0,0,0,0,0,0,3,0,0,0,0,0
"Spermophilus relictus",699,0,0,73,54,3,0,0,0,0,0,0,0,26,21,0,0,12,7,0,0,0,0,3,0,0,0,0,0,0
"Alticola argentatus",26,2,4,0,6,7,0,20,0,0,0,25,17,0,0,0,0,0,0,0,0,0,0,0,0,0,0,0,0,0
"Sciurus vulgaris",2,0,0,0,0,0,0,0,0,0,0,0,0,0,0,0,0,0,0,9,0,0,0,0,0,0,0,0,0,0
"Ellobius tancrei",4,0,0,0,0,0,0,0,0,0,2,0,2,0,0,0,0,0,0,0,0,0,0,0,0,0,0,0,0,0
"Microtus oeconomus",1,0,0,0,0,0,0,0,0,0,2,0,0,0,0,0,0,0,0,0,0,0,0,0,0,0,0,0,0,0
