"","Num. of hosts sampled","Megabothris advenarius","Pectinoctenus pectiniceps","Amalaraeus dissimilis","Neopsylla acanthina","Catallagia ioffi","Hystrichopsylla microti","Megabothris asio","Ctenophthalmus pisticus","Ceratophyllus indages","Catallagia dacenkoi","Corrodopsylla birulai","Ctenophthalmus congeneroides","Rhadinopsylla pseudodahurica"
"Clethrionomys rufocanus",2323,920,442,363,224,103,74,70,6,14,15,6,4,5
"Clethrionomys rutilus",1614,488,178,137,60,45,29,13,20,5,4,9,8,6
"Apodemus peninsulae",433,36,75,1,94,2,0,1,25,1,1,1,2,0
"Tamias sibiricus",19,1,0,0,21,0,0,0,7,21,0,0,2,0
"Microtus evoronensis",64,5,10,6,0,0,2,12,1,0,0,1,0,0
"Myopus schisticolor",7,1,0,0,0,0,0,0,0,0,0,0,0,0
"Sciurus vulgaris",5,0,0,0,0,0,0,0,0,1,0,0,0,0
