"","Num. of hosts sampled","Citellophilus lebedewi","Rhadinopsylla li","Amphipsylla phaiomydis","Oropsylla silantiewi","Callopsylla caspia","Pectinoctenus nemorosa","Frontopsylla elata","Leptopsylla nana","Ceratophyllus sinicus","Amphipsylla montana","Neopsylla pleskei","Amphipsylla anceps","Ceratophyllus sciurorum","Frontopsylla ambigua","Nosopsyllus simla","Frontopsylla ornata","Amphipsylla primaris","Frontopsylla protera","Neopsylla meridiana","Callopsylla lagomys","Rhadinopsylla altifrons","Paraneopsylla ioffi","Leptopsylla taschenbergi"
"Marmota caudata",2838,39110,619,0,278,0,0,14,0,68,0,0,0,0,8,0,0,0,0,0,0,0,2,0
"Microtus juldaschi",424,6,0,253,0,62,15,147,46,0,3,5,2,2,2,0,5,6,6,6,7,2,0,0
"Apodemus uralensis",195,3,0,3,0,33,189,5,32,6,3,24,11,0,16,0,9,0,7,0,0,2,2,3
"Alticola argentatus",87,0,0,7,0,72,2,5,7,0,40,7,5,0,3,0,0,0,0,0,0,0,0,0
"Cricetulus migratorius",69,3,0,15,0,47,0,0,2,0,15,10,26,0,0,0,2,7,0,4,0,3,0,0
"Dryomys nitedula",28,0,0,0,0,0,0,0,0,0,0,0,0,31,0,0,0,0,0,0,0,0,0,0
"Rattus turkestanicus",11,0,0,0,0,0,0,0,0,0,0,0,0,0,0,17,0,0,0,0,0,0,2,0
