"","Num. of hosts sampled","Ctenophthalmus assimilis","Leptopsylla taschenbergi","Ctenophthalmus wagneri","Amphipsylla rossica","Ctenophthalmus agyrtes","Nosopsyllus consimilis","Leptopsylla segnis","Ctenophthalmus orientalis","Hystrichopsylla talpae","Peromyscopsylla bidentata","Megabothris turbidus","Nosopsyllus mokrzeckyi","Palaeopsylla soricis","Megabothris walkeri","Doratopsylla dasycnema"
"Microtus arvalis",1808,14,2,26,29,2,13,19,18,4,3,1,7,1,3,0
"Apodemus agrarius",107,26,53,6,0,3,2,1,3,8,0,3,1,0,1,0
"Clethrionomys glareolus",449,19,0,0,0,15,0,0,1,4,5,5,0,1,0,0
"Apodemus uralensis",29,0,3,2,0,6,7,3,1,2,2,1,0,2,0,0
"Cricetulus migratorius",8,0,0,0,0,0,6,1,1,0,0,0,0,0,0,0
"Sorex araneus",182,1,1,0,0,1,0,0,0,0,1,0,0,2,1,1
"Apodemus flavicollis",3,1,0,0,0,2,0,0,0,0,0,0,0,0,0,0
"Arvicola terrestris",20,1,0,0,0,0,0,1,0,0,0,0,0,0,0,0
"Micromys minutus",1,0,1,0,0,0,0,0,0,0,0,0,0,0,0,0
