"","Num. of hosts sampled","Megabothris advenarius","Amphipsylla marikovskii","Catallagia dacenkoi","Catallagia ioffi","Ceratophyllus indages","Amalaraeus ioffi","Catallagia striata","Amalaraeus penicilliger","Hystrichopsylla microti","Neopsylla acanthina","Peromyscopsylla ostsibirica","Ctenophthalmus pisticus","Rhadinopsylla integella","Stenoponia montana","Ctenophthalmus congeneroides","Tarsopsylla octodecimdentata","Frontopsylla elata","Ctenophyllus armatus","Megabothris bispinosa","Nosopsyllus fasciatus","Ceratophyllus anisus"
"Clethrionomys rutilus",1771,500,330,249,275,7,180,156,156,75,25,29,4,66,51,5,0,0,7,5,3,3
"Clethrionomys rufocanus",757,155,156,89,38,4,35,25,22,30,16,34,0,9,5,0,0,3,0,2,0,0
"Tamias sibiricus",160,11,0,0,6,247,0,0,0,2,50,0,65,0,0,0,0,0,0,0,2,0
"Apodemus peninsulae",161,19,0,0,0,0,0,0,0,3,9,27,6,0,0,4,0,2,0,0,0,0
"Microtus maximowiczii",46,2,0,0,0,0,0,0,0,0,0,0,0,0,0,17,0,4,0,0,0,0
"Sciurus vulgaris",8,0,0,0,0,0,0,0,0,0,0,0,0,0,0,0,16,0,0,0,0,0
