"","Num. of hosts sampled","Megabothris rectangulatus","Peromyscopsylla silvatica","Ctenophthalmus uncinatus","Amalaraeus penicilliger","Amphipsylla sibirica","Corrodopsylla birulai","Rhadinopsylla integella","Palaeopsylla soricis"
"Clethrionomys rutilus",394,251,140,71,57,17,0,6,2
"Clethrionomys glareolus",152,44,68,22,27,5,2,0,2
"Microtus agrestis",138,53,9,17,3,5,2,0,0
"Microtus oeconomus",87,17,7,8,7,6,0,0,0
"Clethrionomys rufocanus",19,4,3,3,7,0,0,0,0
"Myopus schisticolor",15,5,0,0,0,2,0,0,0
"Arvicola terrestris",9,3,0,0,2,0,0,0,0
"Neomys fodiens",1,0,0,0,0,0,5,0,0
"Sicista betulina",8,2,0,0,0,0,0,0,0
