"","Num. of hosts sampled","Citellophilus tesquorum","Megabothris advenarius","Catallagia ioffi","Amphipsylla primaris","Catallagia dacenkoi","Frontopsylla luculenta","Amalaraeus penicilliger","Megabothris calcarifer","Ceratophyllus indages","Corrodopsylla birulai","Megabothris rectangulatus","Oropsylla alaskensis","Ceratophyllus paradoxus","Amphipsylla marikovskii","Neopsylla mana","Rhadinopsylla dahurica","Rhadinopsylla pseudodahurica"
"Clethrionomys rutilus",309,0,101,95,24,70,2,35,0,2,7,8,0,9,3,0,2,2
"Spermophilus undulatus",39,149,0,0,0,0,38,0,0,0,6,2,13,0,0,0,0,0
"Microtus gregalis",142,0,26,11,49,0,16,9,21,0,0,13,0,0,0,3,0,0
"Tamias sibiricus",5,0,0,2,0,0,0,0,3,34,6,2,0,0,0,0,0,0
"Microtus oeconomus",10,0,8,2,4,0,0,4,18,0,0,2,0,0,0,0,0,0
"Myopus schisticolor",14,0,0,0,0,5,0,0,0,0,5,0,0,0,0,0,0,0
"Sorex araneus",24,4,0,0,0,0,0,0,0,0,3,0,3,0,0,0,0,0
"Sciurus vulgaris",2,0,0,0,0,0,0,0,0,2,0,0,0,0,0,0,0,0
