"","Num. of hosts sampled","Peromyscopsylla silvatica","Amalaraeus penicilliger","Megabothris rectangulatus","Hystrichopsylla talpae","Neopsylla acanthina","Neopsylla mana","Ctenophthalmus uncinatus","Peromyscopsylla ostsibirica","Palaeopsylla soricis","Corrodopsylla birulai","Ceratophyllus indages","Megabothris calcarifer","Amphipsylla sibirica","Catallagia dacenkoi","Catallagia ioffi","Neopsylla pleskei","Ctenophyllus armatus","Megabothris turbidus"
"Clethrionomys rutilus",282,85,85,56,12,11,11,8,3,0,3,2,2,0,3,3,3,0,0
"Clethrionomys rufocanus",37,3,7,7,2,0,0,2,0,0,0,0,0,3,0,0,0,0,0
"Microtus agrestis",21,10,0,8,0,0,0,0,2,0,0,0,0,0,0,0,0,0,0
"Microtus oeconomus",18,7,0,2,0,2,0,0,5,0,0,0,2,0,0,0,0,0,2
"Sorex araneus",10,0,0,0,0,0,0,0,0,5,2,0,0,0,0,0,0,0,0
"Tamias sibiricus",3,0,0,0,0,0,0,0,0,0,0,2,0,0,0,0,0,2,0
"Apodemus peninsulae",7,0,0,2,0,0,0,0,0,0,0,0,0,0,0,0,0,0,0
"Sicista betulina",2,0,0,2,0,0,0,0,0,0,0,0,0,0,0,0,0,0,0
"Sorex caecutiens",12,0,0,0,0,0,0,0,0,2,0,0,0,0,0,0,0,0,0
