"","Num. of hosts sampled","Ctenophthalmus agyrtes","Palaeopsylla soricis","Nosopsyllus fasciatus","Megabothris turbidus","Peromyscopsylla silvatica","Doratopsylla dasycnema","Ctenophthalmus uncinatus","Hystrichopsylla talpae","Leptopsylla segnis","Amalaraeus penicilliger","Rhadinopsylla integella"
"Apodemus flavicollis",198,163,3,19,19,2,4,0,0,3,0,0
"Clethrionomys glareolus",155,69,4,0,13,31,0,18,6,0,2,2
"Apodemus sylvaticus",221,70,2,34,2,0,0,0,2,0,0,0
"Microtus agrestis",80,71,0,0,4,5,2,0,0,0,0,0
"Neomys fodiens",6,7,39,0,0,0,3,0,0,0,0,0
"Sorex araneus",28,0,24,0,0,0,12,0,0,0,0,0
