"","Num. of hosts sampled","Xenopsylla gerbilli","Paradoxopsyllus repandus","Echidnophaga oschanini","Coptopsylla lamellifer","Nosopsyllus laeviceps","Xenopsylla conformis","Ctenophthalmus dolichus","Rhadinopsylla cedestis","Xenopsylla hirtipes","Stenoponia conspecta","Stenoponia vlasovi","Paradoxopsyllus teretifrons","Neopsylla teratura","Nosopsyllus tersus","Pectinoctenus lauta","Neopsylla setosa","Neopsylla mana","Mesopsylla hebes"
"Rhombomys opimus",3039,26636,1507,1216,814,514,11,159,74,58,54,52,33,14,14,0,0,2,0
"Meriones libycus",225,23,0,9,0,71,122,0,0,0,0,0,2,0,0,0,0,0,0
"Meriones tamariscinus",3,0,0,0,0,0,58,0,0,0,0,0,0,0,0,0,0,0,0
"Meriones meridianus",17,0,0,0,0,0,13,0,0,0,0,0,0,0,0,0,0,0,0
"Cricetulus migratorius",10,0,0,0,0,0,0,0,0,0,0,0,0,3,0,9,0,0,0
"Spermophilus erythrogenys",71,0,0,0,0,0,0,0,0,0,0,0,0,0,0,0,10,0,0
"Apodemus uralensis",24,0,0,0,0,0,0,0,0,0,0,0,0,0,0,3,0,2,0
"Allactaga elater",3,0,0,0,0,0,0,0,0,0,0,0,0,0,0,0,0,0,2
