"","Num. of hosts sampled","Amphipsylla primaris","Neopsylla mana","Citellophilus tesquorum","Oropsylla silantiewi","Frontopsylla hetera","Rhadinopsylla dahurica","Amalaraeus penicilliger","Neopsylla pleskei","Rhadinopsylla li","Oropsylla alaskensis","Amphipsylla dumalis","Rhadinopsylla rothschildi","Frontopsylla elatoides","Paradoxopsyllus scorodumovi","Ctenophyllus hirticrus","Paramonopsyllus scalonae","Frontopsylla elata","Pectinoctenus pavlovskii","Frontopsylla luculenta","Ophthalmopsylla praefecta"
"Lasiopodomys brandtii",212,7194,4514,73,10,911,954,460,441,76,9,0,117,0,0,0,0,0,4,2,0
"Spermophilus undulatus",840,7,38,1384,18,49,0,0,4,279,266,0,0,83,27,7,5,4,0,0,0
"Marmota sibirica",666,0,10,12,1437,7,0,0,0,0,0,0,0,0,2,6,0,0,0,0,0
"Ellobius tancrei",13,3,3,0,0,0,0,0,0,0,0,150,0,0,0,0,0,0,0,0,0
"Alticola argentatus",13,2,36,0,0,0,0,0,0,0,0,0,0,0,0,0,0,0,0,0,0
"Allactaga sibirica",1,0,0,0,0,0,0,0,0,0,0,0,0,0,0,0,0,0,0,0,2
"Phodopus sungorus",2,0,0,0,0,2,0,0,0,0,0,0,0,0,0,0,0,0,0,0,0
