"","Num. of hosts sampled","Citellophilus lebedewi","Oropsylla silantiewi","Pectinoctenus nemorosa","Citellophilus transcaucasicus","Amphipsylla dumalis","Leptopsylla taschenbergi","Amphipsylla kuznetzovi","Ctenophthalmus dux","Callopsylla caspia","Ceratophyllus sciurorum","Amalaraeus penicilliger","Leptopsylla nana","Frontopsylla elata","Ctenophthalmus assimilis","Neopsylla mana","Frontopsylla protera","Amphipsylla phaiomydis","Ophthalmopsylla praefecta","Amphipsylla schelkovnikovi","Ctenophthalmus dilatatus","Neopsylla pleskei","Ctenophthalmus golovi","Amphipsylla primaris","Rhadinopsylla li"
"Marmota caudata",389,991,682,0,0,0,0,0,0,0,0,0,0,0,0,0,0,0,0,0,0,0,0,0,2
"Apodemus uralensis",1816,0,0,349,0,25,49,27,0,13,8,3,4,0,5,9,8,7,3,0,2,2,3,0,0
"Spermophilus fulvus",18,0,0,0,188,0,0,0,0,0,0,0,0,0,0,0,0,0,0,0,0,0,0,0,0
"Ellobius tancrei",2,0,0,0,0,36,0,0,18,0,0,0,0,0,0,0,0,0,0,0,0,0,0,0,0
"Cricetulus migratorius",167,0,0,0,0,0,0,3,0,0,0,0,5,8,0,0,0,0,4,4,2,2,0,2,0
"Alticola argentatus",56,0,0,0,0,0,0,10,0,2,0,0,4,0,0,0,0,0,0,0,0,0,0,0,0
"Dryomys nitedula",43,0,0,0,0,0,0,0,0,0,6,10,0,0,0,0,0,0,0,0,0,0,0,0,0
"Microtus juldaschi",48,0,0,0,0,0,0,0,0,0,0,0,0,2,4,0,0,0,0,0,0,0,0,0,0
