"","Acronicta psi","Allophyes oxycanthae","Cosmia trapezina","Diloba caeruleocephala","Aporia crataegi","Biston betularia","Eupsilia transversa","Operophtera brumata","Arctia caja","Colocasia coryli","Electrophaes corylata","Epirrita autumnata","Erannis defoliaria","Eriogaster lanestris ","Lomographa temerata","Opisthograptis luteolata","Orthosia gothica","Orthosia gracilis","Thecla betulae","Abraxas grossulariata","Abraxas sylvata","Acronicta strigosa","Agriopis marginaria","Agrochola circellaris","Angerona prunaria","Apocheima pilosaria","Blepharita satura","Boarmia punctinalis","Brachionycha nubeculosa","Camptogramma bilineata","Chloroclysta siterata","Chloroclysta truncata","Chloroclystis chloerata","Chloroclystis rectangulata","Colotois pennaria","Conistra vaccinii","Crocallis elinguaria","Dasychira fascelina","Dasychira pudibunda","Epirrita christyi","Eupithecia exiguata","Euproctis similis","Eurois occulata","Lasiocampa quercus","Lithophane ornitopus","Lithophane socia","Lomographa bimaculata","Lycia hirtaria","Lycia pomonaria","Naenia typica","Nola cucullatella","Odontopera bidentata","Plagodis pulveraria","Plemyria rubiginata","Polia bombycina","Psyche betulina","Selenia dentaria","Selenia lunalaria","Selenia tetralunaria","Smerinthus ocellata","Strymonidia pruni","Trichiura crataegi","Triphosa dubitata","Xanthia togata"
"Prunus padus",1,1,1,1,1,1,1,1,1,1,1,1,1,1,1,1,1,1,1,1,1,1,1,1,1,1,1,1,1,1,1,1,1,1,1,1,1,1,1,1,1,1,1,1,1,1,1,1,1,1,1,1,1,1,1,1,1,1,1,1,1,1,1,1
"Prunus domestica",1,1,1,0,0,1,1,1,1,1,0,1,0,0,0,1,1,0,1,0,0,0,0,0,0,0,0,0,0,0,0,0,0,0,0,0,0,0,0,0,0,0,0,0,0,0,0,0,0,0,0,0,0,0,0,0,0,0,0,0,0,0,0,0
"Prunus cerasus",1,1,1,1,0,0,1,1,0,0,0,0,0,1,1,0,0,1,0,0,0,0,0,0,0,0,0,0,0,0,0,0,0,0,0,0,0,0,0,0,0,0,0,0,0,0,0,0,0,0,0,0,0,0,0,0,0,0,0,0,0,0,0,0
"Prunus avium",1,0,0,1,1,1,0,0,0,0,1,0,0,0,0,0,0,0,0,0,0,0,0,0,0,0,0,0,0,0,0,0,0,0,0,0,0,0,0,0,0,0,0,0,0,0,0,0,0,0,0,0,0,0,0,0,0,0,0,0,0,0,0,0
"Prunus spinosa",0,1,1,1,1,0,0,0,0,0,0,0,1,0,0,0,0,0,0,0,0,0,0,0,0,0,0,0,0,0,0,0,0,0,0,0,0,0,0,0,0,0,0,0,0,0,0,0,0,0,0,0,0,0,0,0,0,0,0,0,0,0,0,0
