"","Chloroclystis rectangulata","Diloba caeruleocephala","Lomographa temerata","Abraxas grossulariata","Acronicta psi","Acronicta tridens","Allophyes oxycanthae","Angerona prunaria","Aporia crataegi","Callimorpha dominula","Conistra ligula","Cosmia pyralina","Dasycampa rubiginea","Ennomos autumnaria","Epirrita dilutata","Naenia typica","Nola cucullatella","Odontopera bidentata","Phalera bucephala","Selenia lunalaria","Strymonidia pruni","Thalera fimbrialis","Thecla betulae","Theria rupicaprarian","Xestia baja","Acronicta aceris","Acronicta strigosa","Agriopis aurantiaria","Agriopis marginaria","Agrochola lota","Aleucis distinctata","Alsophila aescularia","Amphipyra pyramidea","Apocheima pilosaria","Biston betularia","Blepharita satura","Brachionycha sphinx","Campaea margaritata","Catocala nupta","Chloroclysta siterata","Chloroclystis chloerata","Cilix glaucata","Colocasia coryli","Colotois pennaria","Crocallis elinguaria","Dasychira fascelina","Diarsia mendica","Egira conspicillaris","Electrophaes corylata","Epirrita christyi","Erannis defoliaria","Eriogaster lanestris ","Eupithecia exiguata","Euproctis chrysorrhoea","Eupsilia transversa","Eurois occulata","Gastropacha quercifolia","Graphiphora augur","Hydrelia sylvata","Lasiocampa quercus","Lasiocampa trifolii","Lithophane semibrunnea","Lithophane socia","Lomographa bimaculata","Malacosoma neustria","Nola confusalis","Nymphalis polychlorus","Operophtera brumata","Opisthograptis luteolata","Orgyia antiqua","Orgyia recens","Orthosia gothica","Orthosia gracilis","Orthosia incerta","Orthosia munda","Ourapteryx sambucaria","Perconia strigillaria","Plagodis pulveraria","Plemyria rubiginata","Saturnia pavonia","Selenia dentaria","Selenia tetralunaria","Semiothisa alternaria","Smerinthus ocellata","Stauropus fagi","Trichiura crataegi","Triphosa dubitata","Xestia triangulum"
"Prunus spinosa",1,1,1,1,1,1,1,1,1,1,1,1,1,1,1,1,1,1,0,1,1,1,1,1,1,0,1,1,1,1,1,0,0,1,0,1,1,1,0,1,1,1,1,1,1,0,1,1,1,1,1,1,1,1,1,1,1,1,1,1,0,0,0,0,1,1,0,1,1,1,1,1,1,1,0,1,1,0,1,1,1,0,1,1,1,1,0,1
"Prunus domestica",0,1,1,1,1,1,0,1,1,1,1,1,1,1,1,1,1,1,1,1,1,1,1,1,0,1,0,0,0,0,0,0,1,0,1,0,0,0,1,0,0,0,0,0,0,1,0,0,0,0,0,0,0,0,0,0,0,0,0,0,1,1,1,0,0,0,0,0,0,0,0,0,0,0,1,0,0,0,0,0,0,0,0,0,0,0,0,0
"Prunus avium",1,0,0,0,0,0,0,0,0,0,0,0,0,0,0,0,0,0,0,0,0,0,0,0,0,0,0,0,0,0,0,1,0,0,0,0,0,0,0,0,0,0,0,0,0,0,0,0,0,0,0,0,0,0,0,0,0,0,0,0,0,0,0,1,0,0,1,0,0,0,0,0,0,0,0,0,0,0,0,0,0,1,0,0,0,0,0,0
"Prunus cerasus",1,0,0,0,0,0,1,0,0,0,0,0,0,0,0,0,0,0,1,0,0,0,0,0,0,0,0,0,0,0,0,0,0,0,0,0,0,0,0,0,0,0,0,0,0,0,0,0,0,0,0,0,0,0,0,0,0,0,0,0,0,0,0,0,0,0,0,0,0,0,0,0,0,0,0,0,0,1,0,0,0,0,0,0,0,0,0,0
"Prunus padus",0,0,1,0,0,0,0,0,0,0,0,0,0,0,0,0,0,0,0,0,0,0,0,0,1,0,0,0,0,0,0,0,0,0,0,0,0,0,0,0,0,0,0,0,0,0,0,0,0,0,0,0,0,0,0,0,0,0,0,0,0,0,0,0,0,0,0,0,0,0,0,0,0,0,0,0,0,0,0,0,0,0,0,0,0,0,1,0
"Prunus laurocerasus",0,1,0,0,0,0,0,0,0,0,0,0,0,0,0,0,0,0,0,0,0,0,0,0,0,0,0,0,0,0,0,0,0,0,0,0,0,0,0,0,0,0,0,0,0,0,0,0,0,0,0,0,0,0,0,0,0,0,0,0,0,0,0,0,0,0,0,0,0,0,0,0,0,0,0,0,0,0,0,0,0,0,0,0,0,0,0,0
