"","Apis mellifera","Lygistorrhina sp1 M_PL_085","Unidentified sp2 M_PL_085","Unidentified sp1 M_PL_085","Lasioglossum mahense","Parasarcophaga hirticeps","Eristalinus vicarians","Rhiparida seychellensis","Geron seychellarum","Nectarinia dussumieri","Phelsuma sp1 M_PL_085","Chalcidoma disjunctum","Hemipyrellia germana","Simosyrphus aegyptius","Unidentified sp3 M_PL_085","Unidentified sp4 M_PL_085","Unidentified sp5 M_PL_085"
"Nephrosperma vanhoutteanum",15,20,13,6,2,6,6,5,2,0,1,1,1,0,1,1,0
"Medusagyne oppositifolia",12,0,0,5,0,2,0,0,0,0,0,0,0,0,0,0,0
"Mimusops sechellarum",9,0,0,1,3,0,0,0,0,2,1,0,0,0,0,0,1
"Erythroxylum sechellarum",10,0,0,0,3,0,0,0,0,0,0,0,0,0,0,0,0
"Memecylon eleagni",5,0,0,0,0,0,0,0,0,0,0,0,0,1,0,0,0
