"","Apis mellifera","Ornidia obesa","Xylocopa caffra","Lasioglossum mahense","Neavella albipectus","Megachile seychellensis","Parasarcophaga hirticeps","Polistes olivaceus","Chalcidoma disjunctum","Eristalinus vicarians","Hemipyrellia sp1 M_PL_110","Cratopus aurostriatus","Dichaetomyia fasciculifera"
"Psidium cattleianum",53,4,2,0,0,0,0,0,1,0,1,0,0
"Memecylon eleagni",30,0,0,7,3,0,0,0,1,0,0,0,0
"Cinnamomum verum",12,12,0,0,0,0,3,3,0,2,0,1,1
"Ochna kirkii",0,0,10,0,0,0,0,0,0,0,0,0,0
"Premna serratifolia",0,0,0,0,3,4,0,0,0,0,1,0,0
"Erythroxylum sechellarum",0,0,0,1,0,0,0,0,0,0,0,0,0
