"","Lasioglossum mahense","Unidentified sp4 M_PL_092","Unidentified sp1 M_PL_092","Apis mellifera","Lygistorrhina sp1 M_PL_092","Amblypsilopus sp1 M_PL_092","Cratopus aurostriatus","Eristalinus vicarians","Unidentified sp2 M_PL_092","Unidentified sp3 M_PL_092"
"Erythroxylum sechellarum",8,2,4,0,1,0,0,0,0,0
"Cinnamomum verum",0,8,0,0,0,0,0,0,0,0
"Memecylon eleagni",2,0,0,3,0,0,1,1,0,1
"Soulamea terminaloides",0,0,0,0,1,1,0,0,1,0
"Dillenia ferruginea",0,0,0,2,0,0,0,0,0,0
"Roscheria melanochaetes",0,0,2,0,0,0,0,0,0,0
