"","Apis mellifera","Lasioglossum mahense","Unidentified sp1 M_PL_125","Lygistorrhina sp1 M_PL_125","Ornidia obesa","Xylocopa caffra","Nectarinia dussumieri","Rhynchium brunneum","Unidentified sp2 M_PL_125","Unidentified sp3 M_PL_125","Unidentified sp4 M_PL_125"
"Nephrosperma vanhoutteanum",27,38,8,0,0,0,0,0,1,1,0
"Chrysobalanus icaco",27,0,2,0,2,0,0,1,0,0,0
"Mimusops sechellarum",1,1,0,5,0,0,1,0,0,0,0
"Memecylon eleagni",3,0,0,0,0,0,0,0,0,0,0
"Dillenia suffruticosa",0,0,0,0,0,2,0,0,0,0,0
"Excoecaria benthiamiana",0,0,0,0,0,0,0,0,0,0,1
