"","Lasioglossum mahense","Rhiparida seychellensis","Apis mellifera","Unidentified sp3 M_PL_094","Unidentified sp4 M_PL_094","Hemipyrellia germana","Ornidia obesa","Unidentified sp1 M_PL_094","Leptotes pirithous","Nectarinia dussumieri","Parasarcophaga hirticeps","Unidentified sp2 M_PL_094"
"Phoenicophorium borsigianum",42,42,3,10,3,0,0,0,0,0,0,1
"Erythroxylum sechellarum",17,0,0,0,0,0,0,2,0,0,0,0
"Canthium bibracteatum",0,0,10,0,0,4,1,0,0,0,1,0
"Cinnamomum verum",0,0,11,0,0,0,3,0,1,0,0,0
"Roscheria melanochaetes",0,0,0,0,4,0,0,0,0,0,0,0
"Colea seychellarum",0,0,0,0,0,0,0,0,0,1,0,0
