"","Apis mellifera","Lasioglossum mahense","Ornidia obesa","Unidentified sp1 M_PL_112","Rhynchium brunneum","Xylocopa caffra","Megachile seychellensis","Lygistorrhina sp1 M_PL_112","Hemipyrellia germana","Phelsuma sp1 M_PL_112","Neophyllomyza approximatonervis","Hemipyrellia sp1 M_PL_112","Chalcidoma disjunctum","Unidentified sp2 M_PL_112","Eagris sabadius","Eristalinus vicarians","Rhiparida seychellensis","Simosyrphus aegyptius"
"Nephrosperma vanhoutteanum",19,23,7,22,0,0,4,10,2,1,5,0,0,0,0,0,0,0
"Premna serratifolia",1,14,0,0,19,0,9,0,0,0,0,4,0,0,1,1,1,0
"Psidium cattleianum",21,2,10,0,0,5,0,0,5,0,0,0,0,0,0,0,0,0
"Deckenia nobilis",16,9,5,0,0,0,0,0,4,6,1,0,0,0,0,0,0,0
"Erythroxylum sechellarum",2,15,0,0,0,0,0,2,0,0,0,0,0,2,0,0,0,0
"Memecylon eleagni",10,2,0,0,0,0,0,0,0,0,0,0,2,0,0,0,0,0
"Ochna kirkii",0,1,0,0,0,12,0,0,0,0,0,0,0,0,0,0,0,1
"Alstonia macrophylla",0,0,1,0,0,0,0,0,0,0,0,0,0,0,0,0,0,0
