"","Apis mellifera","Lasioglossum mahense","Unidentified sp2 M_PL_086","Phelsuma sp1 M_PL_086","Megachile seychellensis","Hemipyrellia sp1 M_PL_086","Plagiostenopterina cyanosoma","Unidentified sp1 M_PL_086","Lygistorrhina sp1 M_PL_086","Unidentified sp4 M_PL_086","Musca domestica","Nectarinia dussumieri","Physiphoa azurea ","Unidentified sp3 M_PL_086"
"Nephrosperma vanhoutteanum",41,30,19,8,5,0,0,2,0,0,0,0,1,1
"Memecylon eleagni",22,0,0,0,0,0,0,1,0,0,0,0,0,0
"Cinnamomum verum",7,3,0,0,0,3,0,0,0,0,1,0,0,0
"Canthium bibracteatum",11,0,0,0,1,1,0,0,0,0,0,0,0,0
"Paragenipa wrightii",3,0,0,0,0,0,3,0,0,2,0,1,0,0
"Erythroxylum sechellarum",0,3,0,0,1,0,0,0,2,0,0,0,0,0
