"","Lasioglossum mahense","Rhiparida seychellensis","Apis mellifera","Ceratina tabescens","Unidentified sp1 M_PL_113","Hemipyrellia germana","Megachile seychellensis","Cratopus aurostriatus","Ornidia obesa","Neophyllomyza approximatonervis","Phelsuma sp1 M_PL_113","Pachycerina seychellensis","Simosyrphus aegyptius"
"Nephrosperma vanhoutteanum",13,24,10,1,13,0,1,0,0,0,1,0,0
"Phoenicophorium borsigianum",10,29,4,0,0,0,0,4,0,2,0,0,0
"Deckenia nobilis",3,0,17,0,0,6,0,0,4,1,2,2,0
"Canthium bibracteatum",8,0,0,12,0,0,3,0,0,0,0,0,0
"Euphorbia pyrifolia",16,0,1,0,0,0,0,0,0,0,0,0,1
"Chrysobalanus icaco",4,0,13,0,0,0,0,0,0,0,0,0,0
"Memecylon eleagni",1,0,0,0,0,0,2,0,0,0,0,0,1
