"","Pipra mentalis","Pipra coronata","Catharus ustulatus","Tachyphonus luctuosus","Eucometis penicillata","Euphonia fulvicrissa","Manacus vitellinus","Mionectes oleagineus","Catharus minimus","Dendroica pensylvanica","Catharus fuscescens","Dendroica striata","Empidonax virescens","Habia fuscicauda","Leptotila cassinii","Oryzoborus angolensis","Ramphocelus dimidiatus","Schiffornis turdinus","Seiurus aurocapillus"
"Miconia argentea",24,5,14,13,10,0,2,1,0,2,0,1,0,1,1,1,1,0,0
"Miconia lacera",16,17,3,0,0,6,2,0,2,0,1,0,1,0,0,0,0,0,1
"Miconia minutiflora",17,16,6,0,0,0,0,2,1,0,0,0,0,0,0,0,0,0,0
"Miconia impetiolaris",12,16,0,0,1,0,2,1,0,0,0,0,0,0,0,0,0,1,0
